t,x_true,y_obs,pf_mean
0,-0.550234,-0.0763736,-0.0274895
1,-0.953624,-2.96459,-1.18474
2,-0.661972,-0.58214,-0.903197
3,-0.584664,-1.11648,-0.930938
4,-0.415158,-0.272694,-0.654135
5,0.193527,-0.331595,-0.499633
6,-0.839185,-0.0599926,-0.299831
7,-0.190153,-0.576626,-0.378659
8,0.111919,-1.26602,-0.659501
9,-0.130006,-0.306291,-0.489762
10,0.232194,-0.674992,-0.520516
11,0.601741,0.865227,-0.0130765
12,0.771975,-0.737982,-0.249681
13,0.273068,0.229531,-0.0657923
14,-0.535773,0.394812,0.0975153
15,-0.132975,0.529309,0.246565
16,-0.20378,-0.449528,-0.0117972
17,0.422684,-1.15147,-0.408934
18,-0.641796,-1.57556,-0.781299
19,-0.885054,-2.26577,-1.23869
20,-0.826457,0.967823,-0.380079
21,-0.594986,-2.01358,-0.919353
22,-0.467611,0.23737,-0.458986
23,-1.15433,-1.25959,-0.710127
24,-1.24628,-1.59036,-0.965084
25,-1.28547,-1.54365,-1.10597
26,-1.83162,-1.7046,-1.24406
27,-0.675896,-1.58288,-1.28208
28,-0.849868,-2.94147,-1.77399
29,-0.772622,0.0452511,-1.02301
30,-1.07452,-1.1389,-0.997555
31,-1.00712,0.4264,-0.43246
32,-2.15578,0.00294549,-0.257555
33,-2.04737,-1.31953,-0.602831
34,-1.66455,-0.4465,-0.502894
35,-1.7195,0.214343,-0.232108
36,-1.75577,-1.03765,-0.495577
37,-1.84828,-1.42026,-0.788097
38,-1.42246,-2.26004,-1.25114
39,-0.344054,-0.969671,-1.07113
40,-0.303132,-0.240307,-0.702146
41,-0.346292,0.618519,-0.189597
42,-0.257306,0.66336,0.113318
43,0.0949484,-1.75485,-0.548696
44,-0.407237,-3.28669,-1.47505
45,-0.368942,-0.831469,-1.15041
46,0.101567,0.519685,-0.499722
47,1.22808,1.76769,0.320806
48,1.09955,0.958654,0.523506
49,1.63977,2.48989,1.17745
50,1.47344,2.95329,1.72293
51,0.434475,0.761698,1.28085
52,0.327225,2.44611,1.58753
53,-0.180257,-0.291461,0.828568
54,-0.832933,-1.98065,-0.181888
55,-1.17726,-0.294422,-0.219978
56,-0.850214,-2.6521,-1.02929
57,-1.54091,-2.27386,-1.38429
58,-1.66479,-3.22535,-1.92391
59,-2.09838,-1.94854,-1.81492
60,-1.71133,-0.744938,-1.32303
61,-0.934998,-1.30952,-1.23432
62,-1.22425,-2.53217,-1.59631
63,-1.5306,0.250689,-0.856846
64,-2.15196,-1.9681,-1.19883
65,-0.86944,0.786022,-0.41952
66,-0.739213,-1.41922,-0.745007
67,-0.805619,-1.35487,-0.920167
68,0.331499,0.00710359,-0.53726
69,1.89187,2.8645,0.680129
70,1.87471,2.48255,1.25776
71,1.17004,1.65126,1.31097
72,1.62155,0.476597,0.931894
73,1.01785,0.599342,0.748393
74,0.144204,-1.01131,0.0866529
75,-0.432693,-0.461114,-0.110366
76,-0.910904,-0.462255,-0.215841
77,-1.92819,-0.0577704,-0.141601
78,-2.043,-1.55086,-0.632451
79,-1.74845,-0.983973,-0.722179
80,-2.00491,-1.37206,-0.906772
81,-3.03272,-3.62237,-1.80292
82,-2.93509,-2.83152,-2.0437
83,-3.31274,-2.1892,-1.95917
84,-3.15276,-2.82824,-2.1381
85,-2.39299,-2.33742,-2.06564
86,-2.87342,-1.98722,-1.90673
87,-2.56391,-2.1184,-1.86283
88,-2.16257,-3.90586,-2.46365
89,-2.02825,-0.549997,-1.64242
90,-2.22128,-3.80775,-2.28273
91,-1.27728,-0.425337,-1.49693
92,-0.872207,-1.97643,-1.57145
93,-1.05962,-1.0022,-1.26242
94,-0.274246,-0.228638,-0.817124
95,-0.380521,0.463053,-0.320442
96,-0.693376,0.743379,0.071925
97,-0.69568,-1.00386,-0.316718
98,-0.39475,-1.7472,-0.807918
99,-0.754392,-1.07777,-0.844389
100,0.184921,-0.461379,-0.651279
101,1.00877,1.15082,0.0117226
102,0.753022,0.645037,0.236938
103,0.369827,0.628494,0.352487
104,0.442186,2.08105,0.940253
105,0.481182,1.40533,1.03851
106,-0.242297,-0.898826,0.301828
107,-0.654119,-0.31817,0.0700263
108,-0.589525,0.685938,0.265016
109,-0.0620364,0.351676,0.272372
110,-1.36023,-0.766485,-0.104688
111,-1.12265,0.487931,0.0989076
112,-1.44467,-1.0845,-0.298823
113,-0.867171,-0.647097,-0.385117
114,-0.29614,0.916017,0.0950122
115,-0.202505,-1.35056,-0.413598
116,-1.0919,-3.26679,-1.38958
117,-1.86478,-2.77283,-1.77781
118,-2.05452,-2.01082,-1.7441
119,-1.81105,-1.19494,-1.44218
120,-2.27009,-2.21925,-1.61743
121,-3.11601,-4.3345,-2.46128
122,-2.82522,-2.70271,-2.39425
123,-2.73223,-2.55072,-2.30013
124,-2.44713,-2.48232,-2.212
125,-2.10637,-2.35929,-2.1229
126,-1.46231,-1.82052,-1.87314
127,-1.7517,-2.52279,-1.96536
128,-0.981731,-0.906465,-1.47087
129,-1.23483,-3.41151,-2.06322
130,-1.2604,0.302411,-1.10488
131,-0.0921236,-2.09969,-1.37257
132,0.272816,-1.14239,-1.20234
133,-0.79403,-1.41112,-1.19533
134,-0.120226,0.0537402,-0.703038
135,-0.112599,0.703253,-0.164429
136,0.0416512,1.28362,0.344097
137,-0.41736,-0.2015,0.135135
138,0.118122,0.131074,0.125922
139,0.00732846,-1.72225,-0.522317
140,1.04012,-0.360098,-0.434702
141,0.644815,0.573141,-0.055412
142,1.22454,0.664795,0.200339
143,0.84788,1.03139,0.478372
144,1.02905,1.54518,0.820249
145,0.639269,1.38163,0.956303
146,0.985465,0.484678,0.730929
147,1.16318,1.87111,1.08204
148,2.04589,0.83539,0.927799
149,1.46775,1.70976,1.14216
150,0.387297,1.30347,1.12136
151,1.20148,2.02963,1.35729
152,0.832902,1.49161,1.31855
153,1.57066,1.6577,1.34774
154,1.02388,1.07904,1.17688
155,0.412183,1.82643,1.33274
156,0.384597,2.09076,1.50629
157,0.937125,0.825152,1.16533
158,0.63994,1.45363,1.19593
159,0.441529,1.08488,1.07873
160,0.999861,0.36999,0.762162
161,0.735238,0.332787,0.554247
162,0.425001,-0.629635,0.113401
163,-0.409202,-1.20571,-0.352423
164,-0.130622,-0.340639,-0.327623
165,-0.895435,-0.734082,-0.449321
166,-0.570048,0.468779,-0.112442
167,-0.966495,-0.888086,-0.373162
168,-0.888363,0.218961,-0.133559
169,-1.46934,-2.5296,-0.955742
170,-2.00376,-2.57092,-1.44987
171,-0.675141,0.410965,-0.715447
172,-1.43299,-1.19818,-0.832572
173,-2.05703,-0.465317,-0.649007
174,-2.00065,-1.89092,-1.03533
175,-1.54369,-0.128723,-0.656171
176,-1.51773,-3.14025,-1.46946
177,-1.35317,-3.06167,-1.91581
178,-0.736456,0.980202,-0.796601
179,-0.0379078,-0.313717,-0.562703
180,-0.335835,1.02732,0.0497963
181,-0.137092,0.390292,0.171377
182,-0.872713,-1.33122,-0.358943
183,-0.192836,0.75688,0.0570086
184,-0.351069,-0.0665961,0.0169359
185,-0.983106,1.29537,0.456626
186,-0.449925,-1.80827,-0.344186
187,-0.905291,0.197734,-0.127008
188,-0.754438,-0.762675,-0.333588
189,-0.753343,1.05761,0.164587
190,-1.12741,-2.03399,-0.606624
191,-1.0641,0.122079,-0.319303
192,-0.25574,-2.11053,-0.921861
193,-0.156562,0.667853,-0.318017
194,0.233111,0.105415,-0.153305
195,-0.667593,-1.89955,-0.742812
196,-0.482834,-0.962957,-0.776018
197,-1.06856,0.586417,-0.246105
198,-1.43405,-0.448328,-0.298284
199,-1.18189,-0.490271,-0.34132
200,-0.661301,-0.621559,-0.413333
201,-0.461645,-0.744961,-0.504304
202,-0.570654,-1.82165,-0.93427
203,-0.880058,-1.69932,-1.13933
204,-0.890054,-0.23317,-0.743533
205,-0.834487,1.35658,0.0223996
206,-1.38807,-2.24385,-0.766768
207,-1.20944,-3.28945,-1.59467
208,-0.421563,1.62083,-0.369071
209,-0.306758,0.703379,0.0220868
210,-0.823135,-1.2608,-0.425101
211,0.558031,-0.119678,-0.28475
212,0.369069,2.1068,0.552889
213,0.32773,1.11391,0.706815
214,0.62856,1.08864,0.786135
215,0.0889748,0.652054,0.693486
216,0.495849,0.346659,0.52094
217,0.208075,0.0798634,0.331103
218,0.421549,-0.827626,-0.105154
219,1.63024,-0.0687638,-0.0943606
220,0.551811,2.78749,0.901646
221,-0.626204,-0.807194,0.2572
222,-0.598095,-0.47294,-0.0132514
223,-1.02109,-0.975502,-0.345565
224,-0.465237,1.39977,0.283664
225,0.133144,0.290505,0.262553
226,-0.0693172,-0.335555,0.025794
227,-0.646834,-1.5751,-0.534343
228,-0.0620473,0.167581,-0.255052
229,-0.461231,0.191304,-0.0839881
230,-0.556662,-0.947601,-0.387654
231,-0.524206,-0.875347,-0.534927
232,-0.193196,-0.748743,-0.584141
233,0.0713334,-0.162657,-0.392448
234,-0.229074,0.874593,0.0798288
235,-0.520703,-0.969866,-0.29689
236,-0.752474,-0.0741748,-0.198106
237,-0.0278969,0.806189,0.171726
238,-0.386826,0.0440146,0.111645
239,-0.519987,-1.63657,-0.493578
240,0.00309473,0.356858,-0.166305
241,0.253996,2.76954,0.849787
242,0.0191366,1.64566,1.06565
243,0.274141,1.91225,1.29671
244,0.42948,-0.14441,0.717464
245,-0.276696,-1.73012,-0.167274
246,0.732385,1.06088,0.269021
247,1.11006,1.36806,0.625528
248,0.688751,0.851513,0.658987
249,0.612857,0.00336184,0.385684
250,0.582823,0.111715,0.269678
251,0.840599,1.19249,0.570107
252,1.60739,0.0736383,0.362382
253,2.07925,1.74383,0.818624
254,2.19703,3.54851,1.70353
255,1.68747,1.46556,1.50267
256,1.84387,1.54556,1.41357
257,0.880689,2.55221,1.71447
258,0.699592,1.20558,1.42551
259,0.207946,-1.16175,0.434392
260,-0.485191,-0.821814,-0.0333637
261,-0.482552,-0.0990079,-0.051376
262,0.00259481,3.10746,1.07015
263,1.29912,1.21627,1.053
264,1.92407,2.52386,1.49644
265,1.09305,2.33938,1.68716
266,1.3584,3.01539,2.04254
267,0.529768,-2.08007,0.480908
268,0.423128,0.223188,0.366347
269,1.15194,0.466205,0.375679
270,0.37421,1.42122,0.71413
271,0.345232,-1.27323,-0.0247427
272,-0.0727679,-0.223188,-0.0960682
273,-0.361143,-1.24814,-0.477207
274,0.769847,-0.526655,-0.465401
275,-0.125501,1.36919,0.200084
276,-0.346807,-0.172899,0.0538803
277,-0.570351,-1.80769,-0.589387
278,-0.417847,-1.29895,-0.798633
279,0.609772,0.677526,-0.239174
280,0.622811,1.05068,0.215131
281,0.194188,0.794182,0.39971
282,-0.0544495,-0.157294,0.171016
283,0.28523,0.658626,0.32474
284,0.355851,0.536497,0.368419
285,0.739859,-0.250168,0.11844
286,-0.140862,-0.475369,-0.104397
287,-0.428945,0.794245,0.209997
288,-0.441811,0.348089,0.243107
289,-1.13217,-2.4727,-0.721106
290,-0.349895,-2.36945,-1.2322
291,0.79119,-1.36004,-1.20337
292,0.732915,1.18401,-0.303024
293,0.661015,1.28341,0.256357
294,0.639718,0.48973,0.315813
295,1.08697,1.94187,0.860302
296,1.63765,2.55428,1.38791
297,0.880538,0.783652,1.08886
298,0.559077,1.02077,0.986155
299,0.764378,3.22015,1.70636
300,0.815065,1.13127,1.38971
301,0.779276,0.238953,0.907967
302,1.17582,0.353197,0.662014
303,0.827421,-0.174347,0.313422
304,2.0177,2.59699,1.08653
305,1.58446,1.76097,1.25883
306,0.616907,1.68676,1.33345
307,0.772994,1.35967,1.25282
308,0.573295,0.126148,0.782289
309,0.475836,-0.836004,0.152163
310,-0.103449,0.455292,0.247859
311,0.274018,0.940999,0.470011
312,-0.0622898,1.64626,0.853379
313,0.138919,0.820216,0.782191
314,-0.24929,0.881413,0.761813
315,-1.06799,0.0939378,0.486078
316,-0.341912,-0.862826,-0.00780744
317,-0.980405,0.709232,0.243015
318,-1.00562,-2.50521,-0.70086
319,-0.911196,-0.0427527,-0.437297
320,-0.164471,-0.491308,-0.422415
321,0.476546,0.456527,-0.090144
322,-0.0277081,0.837609,0.245763
323,0.361616,0.125036,0.180259
324,0.538044,0.693471,0.3486
325,0.338837,-0.817913,-0.0757555
326,-0.305206,1.00487,0.292127
327,-0.17802,0.187281,0.233438
328,-1.15718,-3.67222,-1.10488
329,0.0544888,0.427548,-0.508889
330,-0.302492,0.275626,-0.203595
331,-0.489297,-0.401982,-0.258571
332,-0.378753,-2.3479,-0.961964
333,-0.852587,-0.565669,-0.773688
334,-0.512189,-0.572709,-0.649388
335,-1.2516,-1.00973,-0.736984
336,-0.763555,-2.41999,-1.27859
337,-0.115206,-0.677806,-0.98491
338,0.716059,-0.779819,-0.84649
339,0.0290654,-0.740703,-0.749976
340,0.494788,-0.779581,-0.709552
341,0.0789323,0.569569,-0.221912
342,0.30634,-0.126192,-0.173388
343,-0.360706,-2.30469,-0.906097
344,-0.527736,-0.760408,-0.794365
345,-0.28148,-1.27494,-0.911776
346,-1.0197,-0.603463,-0.747931
347,-0.978903,-0.162786,-0.496522
348,-1.75243,-2.14202,-1.02686
349,-1.03141,-0.0195036,-0.608608
350,-0.680968,-0.215923,-0.436405
351,-0.450283,0.358646,-0.135269
352,-0.414429,-1.36315,-0.541395
353,-0.189758,0.821105,-0.0259753
354,-0.472951,0.620117,0.201101
355,-1.64261,-1.40685,-0.360053
356,-1.78379,-0.539758,-0.402386
357,-2.00439,-1.05588,-0.605678
358,-2.14575,-2.35709,-1.17158
359,-1.94475,-2.2533,-1.46411
360,-1.78681,-1.82359,-1.49738
361,-1.58764,-2.66127,-1.81157
362,-1.84339,-0.983189,-1.4061
363,-2.21629,-1.90125,-1.48356
364,-2.0176,-3.23006,-2.00212
365,-1.99083,0.138115,-1.12849
366,-1.6055,-0.480702,-0.829133
367,-1.29769,-1.83784,-1.12951
368,-1.46897,-1.48236,-1.17683
369,-1.53417,-0.0560473,-0.714254
370,-1.05075,-0.888081,-0.726387
371,-1.03498,-0.828734,-0.711465
372,-0.633161,-0.988473,-0.755612
373,-0.447336,-1.74087,-1.04673
374,-0.0229967,1.52153,-0.0820798
375,0.322586,1.51948,0.485997
376,0.446573,1.22041,0.702133
377,0.719036,0.950549,0.737981
378,0.503337,1.71408,1.0346
379,0.223935,-0.170046,0.546082
380,-0.520737,-0.49169,0.143381
381,-0.737508,-0.00324741,0.0833666
382,-0.673745,0.932374,0.360935
383,-1.10254,-0.0349428,0.198742
384,-0.951506,-1.85602,-0.531414
385,-1.29518,-1.87781,-0.975644
386,-0.856824,-1.76395,-1.18776
387,-0.543297,-1.87101,-1.35917
388,-0.0639201,0.292247,-0.695077
389,0.198341,1.88533,0.248148
390,0.392913,-0.0185081,0.145769
391,0.00796294,-2.70614,-0.858225
392,0.0853557,-0.401401,-0.641026
393,-0.0602941,-0.114039,-0.423609
394,-0.531296,-1.60055,-0.800065
395,-0.718267,-0.544351,-0.664326
396,-0.581908,-2.52979,-1.27831
397,0.0118451,-0.138991,-0.793729
398,0.186305,1.3461,0.00250119
399,0.438906,0.847252,0.298454
400,0.618016,0.0607347,0.191933
401,0.709746,-0.113372,0.0808041
402,0.873771,1.88584,0.701732
403,0.906048,-0.431825,0.263226
404,0.697122,1.10138,0.537501
405,0.526984,0.403806,0.462991
406,0.0529757,-0.249274,0.186857
407,0.083867,0.0702642,0.131576
408,0.496705,2.07949,0.787005
409,0.625847,0.128348,0.514605
410,0.606299,0.973531,0.633971
411,0.10179,-1.18115,-0.025783
412,0.7239,-0.0794639,-0.03676
413,0.244833,-1.11257,-0.413383
414,0.855665,-0.0877182,-0.273149
415,0.199216,0.247885,-0.0697636
416,1.18921,1.56929,0.493426
417,1.46474,1.49206,0.811215
418,1.10505,2.46113,1.32687
419,0.719203,-0.140137,0.725456
420,0.642739,1.01026,0.777347
421,0.773409,0.271306,0.550613
422,0.842765,-0.415967,0.175886
423,0.896843,-0.212803,0.0356699
424,0.874251,-0.749706,-0.245164
425,0.487642,0.736841,0.112468
426,0.662558,2.60643,0.981451
427,0.994153,0.517151,0.75641
428,0.735951,1.20551,0.865663
429,0.550229,0.214249,0.584063
430,0.198023,-0.305123,0.241126
431,0.349527,1.03295,0.494283
432,0.744202,-0.816688,0.0180404
433,0.383634,0.145355,0.0615449
434,0.296409,0.247032,0.123387
435,0.460889,1.3043,0.524649
436,0.434233,2.47598,1.16405
437,1.49057,0.0188816,0.674633
438,0.491413,1.23682,0.821721
439,0.114454,-1.08365,0.107301
440,0.722324,0.164215,0.119778
441,1.07627,2.93695,1.07253
442,0.56457,2.28642,1.40239
443,0.251457,-0.266455,0.739475
444,0.1884,-0.200174,0.357829
445,-0.00493257,-0.0824664,0.18159
446,0.285515,-0.525975,-0.0779355
447,0.620624,0.412993,0.0913576
448,1.01199,1.81855,0.682213
449,0.818208,-0.596744,0.190493
450,0.455081,-0.832867,-0.173948
451,0.890907,1.18883,0.30845
452,0.646875,-0.803837,-0.100068
453,0.32796,1.15729,0.336705
454,0.720023,1.75826,0.810581
455,0.430105,0.136566,0.517053
456,0.766148,0.396579,0.443447
457,0.979122,-0.202821,0.194729
458,0.282118,0.969981,0.449904
459,0.0654083,1.14178,0.666042
460,-0.276258,0.855777,0.687496
461,-0.351238,0.783242,0.677191
462,0.574925,1.38391,0.883573
463,0.54522,0.243965,0.604467
464,1.15644,2.43854,1.20773
465,1.19926,0.363311,0.828708
466,1.47847,0.90832,0.80086
467,1.99852,1.82993,1.10519
468,1.65068,1.73174,1.25365
469,1.61679,1.05491,1.10652
470,2.55053,2.1915,1.40611
471,2.15926,2.7361,1.7687
472,1.30989,0.90567,1.35782
473,1.29273,2.56637,1.69771
474,0.730696,0.837856,1.28831
475,0.793563,-0.144614,0.698182
476,0.156833,0.0425447,0.424027
477,0.0668857,-1.54047,-0.295204
478,0.0399112,0.0860251,-0.143224
479,-0.665958,-3.28975,-1.23514
480,-0.592201,-0.390301,-0.864324
481,-0.542132,-1.81017,-1.13689
482,-0.159679,0.902556,-0.357969
483,-0.573741,1.45955,0.289883
484,-0.198913,-1.44053,-0.332816
485,-0.0168218,0.614235,0.02089
486,-0.466183,0.599165,0.210361
487,0.439861,0.524644,0.299848
488,0.657755,0.915717,0.500407
489,-0.252302,-0.797748,0.00989032
490,-0.0636722,0.0976857,0.0286711
491,-0.319077,-1.22844,-0.419816
492,-0.313179,-0.39678,-0.387281
493,1.05489,3.13724,0.875667
494,0.838491,1.37488,0.988821
495,-0.345163,1.17236,0.992043
496,-0.363973,-1.3872,0.117615
497,-0.878715,-0.156019,0.0205533
498,0.329028,1.41355,0.507478
499,0.90326,2.35019,1.09261
