t, x_true, y_obs
0,-0.550234,-0.0763736
1,-0.953624,-2.96459
2,-0.661972,-0.58214
3,-0.584664,-1.11648
4,-0.415158,-0.272694
5,0.193527,-0.331595
6,-0.839185,-0.0599926
7,-0.190153,-0.576626
8,0.111919,-1.26602
9,-0.130006,-0.306291
10,0.232194,-0.674992
11,0.601741,0.865227
12,0.771975,-0.737982
13,0.273068,0.229531
14,-0.535773,0.394812
15,-0.132975,0.529309
16,-0.20378,-0.449528
17,0.422684,-1.15147
18,-0.641796,-1.57556
19,-0.885054,-2.26577
20,-0.826457,0.967823
21,-0.594986,-2.01358
22,-0.467611,0.23737
23,-1.15433,-1.25959
24,-1.24628,-1.59036
25,-1.28547,-1.54365
26,-1.83162,-1.7046
27,-0.675896,-1.58288
28,-0.849868,-2.94147
29,-0.772622,0.0452511
30,-1.07452,-1.1389
31,-1.00712,0.4264
32,-2.15578,0.00294549
33,-2.04737,-1.31953
34,-1.66455,-0.4465
35,-1.7195,0.214343
36,-1.75577,-1.03765
37,-1.84828,-1.42026
38,-1.42246,-2.26004
39,-0.344054,-0.969671
40,-0.303132,-0.240307
41,-0.346292,0.618519
42,-0.257306,0.66336
43,0.0949484,-1.75485
44,-0.407237,-3.28669
45,-0.368942,-0.831469
46,0.101567,0.519685
47,1.22808,1.76769
48,1.09955,0.958654
49,1.63977,2.48989
50,1.47344,2.95329
51,0.434475,0.761698
52,0.327225,2.44611
53,-0.180257,-0.291461
54,-0.832933,-1.98065
55,-1.17726,-0.294422
56,-0.850214,-2.6521
57,-1.54091,-2.27386
58,-1.66479,-3.22535
59,-2.09838,-1.94854
60,-1.71133,-0.744938
61,-0.934998,-1.30952
62,-1.22425,-2.53217
63,-1.5306,0.250689
64,-2.15196,-1.9681
65,-0.86944,0.786022
66,-0.739213,-1.41922
67,-0.805619,-1.35487
68,0.331499,0.00710359
69,1.89187,2.8645
70,1.87471,2.48255
71,1.17004,1.65126
72,1.62155,0.476597
73,1.01785,0.599342
74,0.144204,-1.01131
75,-0.432693,-0.461114
76,-0.910904,-0.462255
77,-1.92819,-0.0577704
78,-2.043,-1.55086
79,-1.74845,-0.983973
80,-2.00491,-1.37206
81,-3.03272,-3.62237
82,-2.93509,-2.83152
83,-3.31274,-2.1892
84,-3.15276,-2.82824
85,-2.39299,-2.33742
86,-2.87342,-1.98722
87,-2.56391,-2.1184
88,-2.16257,-3.90586
89,-2.02825,-0.549997
90,-2.22128,-3.80775
91,-1.27728,-0.425337
92,-0.872207,-1.97643
93,-1.05962,-1.0022
94,-0.274246,-0.228638
95,-0.380521,0.463053
96,-0.693376,0.743379
97,-0.69568,-1.00386
98,-0.39475,-1.7472
99,-0.754392,-1.07777
100,0.184921,-0.461379
101,1.00877,1.15082
102,0.753022,0.645037
103,0.369827,0.628494
104,0.442186,2.08105
105,0.481182,1.40533
106,-0.242297,-0.898826
107,-0.654119,-0.31817
108,-0.589525,0.685938
109,-0.0620364,0.351676
110,-1.36023,-0.766485
111,-1.12265,0.487931
112,-1.44467,-1.0845
113,-0.867171,-0.647097
114,-0.29614,0.916017
115,-0.202505,-1.35056
116,-1.0919,-3.26679
117,-1.86478,-2.77283
118,-2.05452,-2.01082
119,-1.81105,-1.19494
120,-2.27009,-2.21925
121,-3.11601,-4.3345
122,-2.82522,-2.70271
123,-2.73223,-2.55072
124,-2.44713,-2.48232
125,-2.10637,-2.35929
126,-1.46231,-1.82052
127,-1.7517,-2.52279
128,-0.981731,-0.906465
129,-1.23483,-3.41151
130,-1.2604,0.302411
131,-0.0921236,-2.09969
132,0.272816,-1.14239
133,-0.79403,-1.41112
134,-0.120226,0.0537402
135,-0.112599,0.703253
136,0.0416512,1.28362
137,-0.41736,-0.2015
138,0.118122,0.131074
139,0.00732846,-1.72225
140,1.04012,-0.360098
141,0.644815,0.573141
142,1.22454,0.664795
143,0.84788,1.03139
144,1.02905,1.54518
145,0.639269,1.38163
146,0.985465,0.484678
147,1.16318,1.87111
148,2.04589,0.83539
149,1.46775,1.70976
150,0.387297,1.30347
151,1.20148,2.02963
152,0.832902,1.49161
153,1.57066,1.6577
154,1.02388,1.07904
155,0.412183,1.82643
156,0.384597,2.09076
157,0.937125,0.825152
158,0.63994,1.45363
159,0.441529,1.08488
160,0.999861,0.36999
161,0.735238,0.332787
162,0.425001,-0.629635
163,-0.409202,-1.20571
164,-0.130622,-0.340639
165,-0.895435,-0.734082
166,-0.570048,0.468779
167,-0.966495,-0.888086
168,-0.888363,0.218961
169,-1.46934,-2.5296
170,-2.00376,-2.57092
171,-0.675141,0.410965
172,-1.43299,-1.19818
173,-2.05703,-0.465317
174,-2.00065,-1.89092
175,-1.54369,-0.128723
176,-1.51773,-3.14025
177,-1.35317,-3.06167
178,-0.736456,0.980202
179,-0.0379078,-0.313717
180,-0.335835,1.02732
181,-0.137092,0.390292
182,-0.872713,-1.33122
183,-0.192836,0.75688
184,-0.351069,-0.0665961
185,-0.983106,1.29537
186,-0.449925,-1.80827
187,-0.905291,0.197734
188,-0.754438,-0.762675
189,-0.753343,1.05761
190,-1.12741,-2.03399
191,-1.0641,0.122079
192,-0.25574,-2.11053
193,-0.156562,0.667853
194,0.233111,0.105415
195,-0.667593,-1.89955
196,-0.482834,-0.962957
197,-1.06856,0.586417
198,-1.43405,-0.448328
199,-1.18189,-0.490271
200,-0.661301,-0.621559
201,-0.461645,-0.744961
202,-0.570654,-1.82165
203,-0.880058,-1.69932
204,-0.890054,-0.23317
205,-0.834487,1.35658
206,-1.38807,-2.24385
207,-1.20944,-3.28945
208,-0.421563,1.62083
209,-0.306758,0.703379
210,-0.823135,-1.2608
211,0.558031,-0.119678
212,0.369069,2.1068
213,0.32773,1.11391
214,0.62856,1.08864
215,0.0889748,0.652054
216,0.495849,0.346659
217,0.208075,0.0798634
218,0.421549,-0.827626
219,1.63024,-0.0687638
220,0.551811,2.78749
221,-0.626204,-0.807194
222,-0.598095,-0.47294
223,-1.02109,-0.975502
224,-0.465237,1.39977
225,0.133144,0.290505
226,-0.0693172,-0.335555
227,-0.646834,-1.5751
228,-0.0620473,0.167581
229,-0.461231,0.191304
230,-0.556662,-0.947601
231,-0.524206,-0.875347
232,-0.193196,-0.748743
233,0.0713334,-0.162657
234,-0.229074,0.874593
235,-0.520703,-0.969866
236,-0.752474,-0.0741748
237,-0.0278969,0.806189
238,-0.386826,0.0440146
239,-0.519987,-1.63657
240,0.00309473,0.356858
241,0.253996,2.76954
242,0.0191366,1.64566
243,0.274141,1.91225
244,0.42948,-0.14441
245,-0.276696,-1.73012
246,0.732385,1.06088
247,1.11006,1.36806
248,0.688751,0.851513
249,0.612857,0.00336184
250,0.582823,0.111715
251,0.840599,1.19249
252,1.60739,0.0736383
253,2.07925,1.74383
254,2.19703,3.54851
255,1.68747,1.46556
256,1.84387,1.54556
257,0.880689,2.55221
258,0.699592,1.20558
259,0.207946,-1.16175
260,-0.485191,-0.821814
261,-0.482552,-0.0990079
262,0.00259481,3.10746
263,1.29912,1.21627
264,1.92407,2.52386
265,1.09305,2.33938
266,1.3584,3.01539
267,0.529768,-2.08007
268,0.423128,0.223188
269,1.15194,0.466205
270,0.37421,1.42122
271,0.345232,-1.27323
272,-0.0727679,-0.223188
273,-0.361143,-1.24814
274,0.769847,-0.526655
275,-0.125501,1.36919
276,-0.346807,-0.172899
277,-0.570351,-1.80769
278,-0.417847,-1.29895
279,0.609772,0.677526
280,0.622811,1.05068
281,0.194188,0.794182
282,-0.0544495,-0.157294
283,0.28523,0.658626
284,0.355851,0.536497
285,0.739859,-0.250168
286,-0.140862,-0.475369
287,-0.428945,0.794245
288,-0.441811,0.348089
289,-1.13217,-2.4727
290,-0.349895,-2.36945
291,0.79119,-1.36004
292,0.732915,1.18401
293,0.661015,1.28341
294,0.639718,0.48973
295,1.08697,1.94187
296,1.63765,2.55428
297,0.880538,0.783652
298,0.559077,1.02077
299,0.764378,3.22015
300,0.815065,1.13127
301,0.779276,0.238953
302,1.17582,0.353197
303,0.827421,-0.174347
304,2.0177,2.59699
305,1.58446,1.76097
306,0.616907,1.68676
307,0.772994,1.35967
308,0.573295,0.126148
309,0.475836,-0.836004
310,-0.103449,0.455292
311,0.274018,0.940999
312,-0.0622898,1.64626
313,0.138919,0.820216
314,-0.24929,0.881413
315,-1.06799,0.0939378
316,-0.341912,-0.862826
317,-0.980405,0.709232
318,-1.00562,-2.50521
319,-0.911196,-0.0427527
320,-0.164471,-0.491308
321,0.476546,0.456527
322,-0.0277081,0.837609
323,0.361616,0.125036
324,0.538044,0.693471
325,0.338837,-0.817913
326,-0.305206,1.00487
327,-0.17802,0.187281
328,-1.15718,-3.67222
329,0.0544888,0.427548
330,-0.302492,0.275626
331,-0.489297,-0.401982
332,-0.378753,-2.3479
333,-0.852587,-0.565669
334,-0.512189,-0.572709
335,-1.2516,-1.00973
336,-0.763555,-2.41999
337,-0.115206,-0.677806
338,0.716059,-0.779819
339,0.0290654,-0.740703
340,0.494788,-0.779581
341,0.0789323,0.569569
342,0.30634,-0.126192
343,-0.360706,-2.30469
344,-0.527736,-0.760408
345,-0.28148,-1.27494
346,-1.0197,-0.603463
347,-0.978903,-0.162786
348,-1.75243,-2.14202
349,-1.03141,-0.0195036
350,-0.680968,-0.215923
351,-0.450283,0.358646
352,-0.414429,-1.36315
353,-0.189758,0.821105
354,-0.472951,0.620117
355,-1.64261,-1.40685
356,-1.78379,-0.539758
357,-2.00439,-1.05588
358,-2.14575,-2.35709
359,-1.94475,-2.2533
360,-1.78681,-1.82359
361,-1.58764,-2.66127
362,-1.84339,-0.983189
363,-2.21629,-1.90125
364,-2.0176,-3.23006
365,-1.99083,0.138115
366,-1.6055,-0.480702
367,-1.29769,-1.83784
368,-1.46897,-1.48236
369,-1.53417,-0.0560473
370,-1.05075,-0.888081
371,-1.03498,-0.828734
372,-0.633161,-0.988473
373,-0.447336,-1.74087
374,-0.0229967,1.52153
375,0.322586,1.51948
376,0.446573,1.22041
377,0.719036,0.950549
378,0.503337,1.71408
379,0.223935,-0.170046
380,-0.520737,-0.49169
381,-0.737508,-0.00324741
382,-0.673745,0.932374
383,-1.10254,-0.0349428
384,-0.951506,-1.85602
385,-1.29518,-1.87781
386,-0.856824,-1.76395
387,-0.543297,-1.87101
388,-0.0639201,0.292247
389,0.198341,1.88533
390,0.392913,-0.0185081
391,0.00796294,-2.70614
392,0.0853557,-0.401401
393,-0.0602941,-0.114039
394,-0.531296,-1.60055
395,-0.718267,-0.544351
396,-0.581908,-2.52979
397,0.0118451,-0.138991
398,0.186305,1.3461
399,0.438906,0.847252
400,0.618016,0.0607347
401,0.709746,-0.113372
402,0.873771,1.88584
403,0.906048,-0.431825
404,0.697122,1.10138
405,0.526984,0.403806
406,0.0529757,-0.249274
407,0.083867,0.0702642
408,0.496705,2.07949
409,0.625847,0.128348
410,0.606299,0.973531
411,0.10179,-1.18115
412,0.7239,-0.0794639
413,0.244833,-1.11257
414,0.855665,-0.0877182
415,0.199216,0.247885
416,1.18921,1.56929
417,1.46474,1.49206
418,1.10505,2.46113
419,0.719203,-0.140137
420,0.642739,1.01026
421,0.773409,0.271306
422,0.842765,-0.415967
423,0.896843,-0.212803
424,0.874251,-0.749706
425,0.487642,0.736841
426,0.662558,2.60643
427,0.994153,0.517151
428,0.735951,1.20551
429,0.550229,0.214249
430,0.198023,-0.305123
431,0.349527,1.03295
432,0.744202,-0.816688
433,0.383634,0.145355
434,0.296409,0.247032
435,0.460889,1.3043
436,0.434233,2.47598
437,1.49057,0.0188816
438,0.491413,1.23682
439,0.114454,-1.08365
440,0.722324,0.164215
441,1.07627,2.93695
442,0.56457,2.28642
443,0.251457,-0.266455
444,0.1884,-0.200174
445,-0.00493257,-0.0824664
446,0.285515,-0.525975
447,0.620624,0.412993
448,1.01199,1.81855
449,0.818208,-0.596744
450,0.455081,-0.832867
451,0.890907,1.18883
452,0.646875,-0.803837
453,0.32796,1.15729
454,0.720023,1.75826
455,0.430105,0.136566
456,0.766148,0.396579
457,0.979122,-0.202821
458,0.282118,0.969981
459,0.0654083,1.14178
460,-0.276258,0.855777
461,-0.351238,0.783242
462,0.574925,1.38391
463,0.54522,0.243965
464,1.15644,2.43854
465,1.19926,0.363311
466,1.47847,0.90832
467,1.99852,1.82993
468,1.65068,1.73174
469,1.61679,1.05491
470,2.55053,2.1915
471,2.15926,2.7361
472,1.30989,0.90567
473,1.29273,2.56637
474,0.730696,0.837856
475,0.793563,-0.144614
476,0.156833,0.0425447
477,0.0668857,-1.54047
478,0.0399112,0.0860251
479,-0.665958,-3.28975
480,-0.592201,-0.390301
481,-0.542132,-1.81017
482,-0.159679,0.902556
483,-0.573741,1.45955
484,-0.198913,-1.44053
485,-0.0168218,0.614235
486,-0.466183,0.599165
487,0.439861,0.524644
488,0.657755,0.915717
489,-0.252302,-0.797748
490,-0.0636722,0.0976857
491,-0.319077,-1.22844
492,-0.313179,-0.39678
493,1.05489,3.13724
494,0.838491,1.37488
495,-0.345163,1.17236
496,-0.363973,-1.3872
497,-0.878715,-0.156019
498,0.329028,1.41355
499,0.90326,2.35019
